code,high_diff,high_diff_ratio,low_diff,low_diff_ratio
1375.0,0.0,0.0,1.0,0.0625
3320.0,2.0,0.24813895781637718,1.0,0.125
3569.0,11.0,0.5099675475197033,16.0,0.7733204446592556
5741.0,16.0,0.5412719891745602,6.0,0.20905923344947736
7494.0,2.0,0.5221932114882507,1.0,0.26666666666666666
